{"stats":{"minecraft:mined":{"minecraft:short_grass":1,"minecraft:dirt":5,"minecraft:birch_log":1},"minecraft:picked_up":{"minecraft:wooden_axe":1,"minecraft:birch_log":8,"minecraft:bone":1,"minecraft:wooden_pickaxe":1,"minecraft:wooden_shovel":1,"minecraft:birch_sapling":3,"minecraft:dirt":4,"minecraft:cobblestone":3},"minecraft:crafted":{"minecraft:birch_planks":4},"minecraft:custom":{"minecraft:time_since_rest":29915,"minecraft:crouch_one_cm":813,"minecraft:play_time":29915,"minecraft:sprint_one_cm":4939,"minecraft:damage_taken":146,"minecraft:walk_one_cm":32272,"minecraft:sneak_time":434,"minecraft:mob_kills":1,"minecraft:jump":68,"minecraft:damage_dealt":110,"minecraft:time_since_death":29915,"minecraft:total_world_time":29915,"minecraft:fall_one_cm":1291,"minecraft:fly_one_cm":5165},"minecraft:used":{"minecraft:cobblestone":1,"minecraft:wooden_pickaxe":3}},"DataVersion":3955}