{"stats":{"minecraft:killed":{"minecraft:zombie":2},"minecraft:mined":{"minecraft:deepslate_redstone_ore":1,"minecraft:deepslate_diamond_ore":16,"minecraft:crafting_table":1,"minecraft:torch":1,"minecraft:granite":5,"minecraft:short_grass":2,"minecraft:deepslate_gold_ore":28,"minecraft:diorite":5,"minecraft:wall_torch":2,"minecraft:furnace":1,"minecraft:birch_log":1,"minecraft:andesite":13,"minecraft:deepslate_lapis_ore":5,"minecraft:coal_ore":45,"minecraft:deepslate_iron_ore":16,"minecraft:dirt":6,"minecraft:stone":122,"minecraft:oak_leaves":1,"minecraft:deepslate":39},"minecraft:picked_up":{"minecraft:wooden_axe":2,"minecraft:birch_log":8,"minecraft:crafting_table":1,"minecraft:water_bucket":1,"minecraft:andesite":14,"minecraft:wooden_pickaxe":1,"minecraft:oak_log":37,"minecraft:lapis_lazuli":29,"minecraft:dirt":5,"minecraft:cooked_salmon":3,"minecraft:bone":1,"minecraft:apple":3,"minecraft:cobbled_deepslate":33,"minecraft:raw_gold":28,"minecraft:stone_pickaxe":1,"minecraft:cooked_chicken":2,"minecraft:wooden_shovel":1,"minecraft:iron_pickaxe":1,"minecraft:birch_sapling":3,"minecraft:furnace":1,"minecraft:stick":11,"minecraft:raw_iron":16,"minecraft:oak_door":3,"minecraft:torch":4,"minecraft:diorite":5,"minecraft:redstone":4,"minecraft:stone_sword":1,"minecraft:rotten_flesh":1,"minecraft:diamond":16,"minecraft:granite":5,"minecraft:oak_sapling":10,"minecraft:coal":45,"minecraft:cobblestone":129},"minecraft:crafted":{"minecraft:oak_planks":24,"minecraft:birch_planks":32,"minecraft:air":0,"minecraft:stick":4,"minecraft:iron_ingot":5,"minecraft:stone_pickaxe":1,"minecraft:stone_sword":1,"minecraft:torch":48},"minecraft:custom":{"minecraft:interact_with_furnace":9,"minecraft:mob_kills":3,"minecraft:interact_with_crafting_table":5,"minecraft:time_since_death":7331,"minecraft:time_since_rest":7371,"minecraft:sprint_one_cm":84521,"minecraft:damage_taken":957,"minecraft:walk_one_cm":109570,"minecraft:drop":4,"minecraft:damage_dealt":562,"minecraft:swim_one_cm":24950,"minecraft:fly_one_cm":59239,"minecraft:open_chest":1,"minecraft:crouch_one_cm":7590,"minecraft:play_time":89915,"minecraft:deaths":2,"minecraft:sneak_time":3249,"minecraft:walk_under_water_one_cm":3063,"minecraft:jump":471,"minecraft:walk_on_water_one_cm":2520,"minecraft:total_world_time":89915,"minecraft:fall_one_cm":10413},"minecraft:used":{"minecraft:water_bucket":1,"minecraft:diorite":3,"minecraft:stone_sword":8,"minecraft:birch_planks":3,"minecraft:stone_pickaxe":178,"minecraft:wooden_pickaxe":12,"minecraft:cooked_salmon":3,"minecraft:oak_door":1,"minecraft:torch":26,"minecraft:wooden_axe":6,"minecraft:apple":3,"minecraft:iron_pickaxe":109,"minecraft:cobblestone":1,"minecraft:bucket":1,"minecraft:cobbled_deepslate":4},"minecraft:dropped":{"minecraft:cobblestone":3,"minecraft:wooden_axe":1},"minecraft:killed_by":{"minecraft:skeleton":1},"minecraft:broken":{"minecraft:stone_pickaxe":2,"minecraft:wooden_pickaxe":1}},"DataVersion":3955}