{"stats":{"minecraft:killed":{"minecraft:zombie":1},"minecraft:mined":{"minecraft:birch_log":1,"minecraft:short_grass":2,"minecraft:coal_ore":2,"minecraft:dirt":6,"minecraft:stone":10,"minecraft:oak_leaves":1},"minecraft:picked_up":{"minecraft:wooden_axe":2,"minecraft:birch_log":8,"minecraft:stick":11,"minecraft:wooden_pickaxe":1,"minecraft:oak_log":37,"minecraft:dirt":5,"minecraft:cooked_salmon":3,"minecraft:bone":1,"minecraft:rotten_flesh":1,"minecraft:apple":3,"minecraft:wooden_shovel":1,"minecraft:oak_sapling":10,"minecraft:birch_sapling":3,"minecraft:coal":2,"minecraft:cobblestone":15},"minecraft:crafted":{"minecraft:oak_planks":24,"minecraft:stick":4,"minecraft:stone_pickaxe":1,"minecraft:stone_sword":1,"minecraft:birch_planks":32},"minecraft:custom":{"minecraft:time_since_rest":65915,"minecraft:sprint_one_cm":39485,"minecraft:interact_with_furnace":3,"minecraft:damage_taken":296,"minecraft:walk_one_cm":79425,"minecraft:mob_kills":2,"minecraft:drop":1,"minecraft:damage_dealt":370,"minecraft:interact_with_crafting_table":4,"minecraft:fly_one_cm":35847,"minecraft:crouch_one_cm":1316,"minecraft:play_time":65915,"minecraft:sneak_time":672,"minecraft:jump":272,"minecraft:time_since_death":65915,"minecraft:total_world_time":65915,"minecraft:fall_one_cm":5223},"minecraft:used":{"minecraft:wooden_axe":6,"minecraft:apple":3,"minecraft:stone_pickaxe":3,"minecraft:wooden_pickaxe":12,"minecraft:cooked_salmon":2,"minecraft:cobblestone":1},"minecraft:dropped":{"minecraft:wooden_axe":1},"minecraft:broken":{"minecraft:wooden_pickaxe":1}},"DataVersion":3955}