{"stats":{"minecraft:picked_up":{"minecraft:wooden_shovel":1,"minecraft:wooden_pickaxe":1,"minecraft:wooden_axe":1,"minecraft:dirt":4,"minecraft:cobblestone":3,"minecraft:birch_log":1},"minecraft:mined":{"minecraft:birch_log":1,"minecraft:short_grass":1,"minecraft:dirt":5},"minecraft:crafted":{"minecraft:birch_planks":4},"minecraft:custom":{"minecraft:jump":38,"minecraft:time_since_rest":17915,"minecraft:damage_dealt":68,"minecraft:crouch_one_cm":650,"minecraft:sprint_one_cm":3459,"minecraft:play_time":17915,"minecraft:damage_taken":146,"minecraft:time_since_death":17915,"minecraft:walk_one_cm":17349,"minecraft:sneak_time":344,"minecraft:total_world_time":17915,"minecraft:fall_one_cm":813,"minecraft:fly_one_cm":1271},"minecraft:used":{"minecraft:cobblestone":1}},"DataVersion":3955}