{"stats":{"minecraft:killed":{"minecraft:zombie":1},"minecraft:mined":{"minecraft:birch_log":1,"minecraft:andesite":13,"minecraft:torch":1,"minecraft:short_grass":2,"minecraft:coal_ore":37,"minecraft:dirt":6,"minecraft:stone":109,"minecraft:diorite":3,"minecraft:wall_torch":2,"minecraft:oak_leaves":1},"minecraft:picked_up":{"minecraft:wooden_axe":2,"minecraft:birch_log":8,"minecraft:stick":11,"minecraft:oak_door":3,"minecraft:water_bucket":1,"minecraft:andesite":14,"minecraft:torch":4,"minecraft:wooden_pickaxe":1,"minecraft:oak_log":37,"minecraft:diorite":3,"minecraft:dirt":5,"minecraft:cooked_salmon":3,"minecraft:stone_sword":1,"minecraft:bone":1,"minecraft:rotten_flesh":1,"minecraft:apple":3,"minecraft:stone_pickaxe":1,"minecraft:cooked_chicken":2,"minecraft:wooden_shovel":1,"minecraft:oak_sapling":10,"minecraft:birch_sapling":3,"minecraft:coal":32,"minecraft:cobblestone":118},"minecraft:crafted":{"minecraft:oak_planks":24,"minecraft:stick":4,"minecraft:stone_pickaxe":1,"minecraft:stone_sword":1,"minecraft:torch":4,"minecraft:birch_planks":32},"minecraft:custom":{"minecraft:time_since_rest":77915,"minecraft:sprint_one_cm":53603,"minecraft:interact_with_furnace":7,"minecraft:damage_taken":356,"minecraft:walk_one_cm":92630,"minecraft:mob_kills":2,"minecraft:drop":1,"minecraft:damage_dealt":370,"minecraft:swim_one_cm":24950,"minecraft:interact_with_crafting_table":4,"minecraft:fly_one_cm":36829,"minecraft:open_chest":1,"minecraft:crouch_one_cm":1676,"minecraft:play_time":77915,"minecraft:sneak_time":1011,"minecraft:walk_under_water_one_cm":3063,"minecraft:jump":311,"minecraft:walk_on_water_one_cm":2205,"minecraft:time_since_death":77915,"minecraft:total_world_time":77915,"minecraft:fall_one_cm":5223},"minecraft:used":{"minecraft:wooden_axe":6,"minecraft:diorite":1,"minecraft:stone_sword":3,"minecraft:apple":3,"minecraft:birch_planks":2,"minecraft:stone_pickaxe":153,"minecraft:wooden_pickaxe":12,"minecraft:cooked_salmon":2,"minecraft:oak_door":1,"minecraft:torch":5,"minecraft:cobblestone":1},"minecraft:dropped":{"minecraft:wooden_axe":1},"minecraft:broken":{"minecraft:wooden_pickaxe":1,"minecraft:stone_pickaxe":1}},"DataVersion":3955}