{"stats":{"minecraft:picked_up":{"minecraft:cobblestone":1,"minecraft:birch_log":1},"minecraft:mined":{"minecraft:birch_log":1},"minecraft:crafted":{"minecraft:birch_planks":4},"minecraft:custom":{"minecraft:jump":25,"minecraft:time_since_rest":5915,"minecraft:damage_dealt":18,"minecraft:crouch_one_cm":144,"minecraft:sprint_one_cm":2067,"minecraft:play_time":5915,"minecraft:damage_taken":96,"minecraft:time_since_death":5915,"minecraft:walk_one_cm":8344,"minecraft:sneak_time":42,"minecraft:total_world_time":5915,"minecraft:fall_one_cm":604,"minecraft:fly_one_cm":872},"minecraft:used":{"minecraft:cobblestone":1}},"DataVersion":3955}