{"stats":{"minecraft:killed":{"minecraft:zombie":1},"minecraft:mined":{"minecraft:short_grass":1,"minecraft:coal_ore":1,"minecraft:dirt":5,"minecraft:birch_log":1,"minecraft:stone":8},"minecraft:picked_up":{"minecraft:wooden_axe":2,"minecraft:birch_log":8,"minecraft:cooked_salmon":3,"minecraft:stick":2,"minecraft:bone":1,"minecraft:rotten_flesh":1,"minecraft:wooden_pickaxe":1,"minecraft:oak_log":6,"minecraft:wooden_shovel":1,"minecraft:birch_sapling":3,"minecraft:coal":1,"minecraft:dirt":4,"minecraft:cobblestone":13},"minecraft:crafted":{"minecraft:oak_planks":24,"minecraft:birch_planks":32,"minecraft:stick":4,"minecraft:stone_pickaxe":1,"minecraft:stone_sword":1},"minecraft:custom":{"minecraft:time_since_rest":53915,"minecraft:crouch_one_cm":813,"minecraft:play_time":53915,"minecraft:sprint_one_cm":22845,"minecraft:damage_taken":266,"minecraft:walk_one_cm":59898,"minecraft:sneak_time":454,"minecraft:mob_kills":2,"minecraft:drop":1,"minecraft:jump":156,"minecraft:damage_dealt":370,"minecraft:time_since_death":53915,"minecraft:total_world_time":53915,"minecraft:interact_with_crafting_table":3,"minecraft:fall_one_cm":2336,"minecraft:fly_one_cm":17957},"minecraft:used":{"minecraft:wooden_axe":4,"minecraft:cobblestone":1,"minecraft:wooden_pickaxe":12,"minecraft:cooked_salmon":2},"minecraft:dropped":{"minecraft:wooden_axe":1},"minecraft:broken":{"minecraft:wooden_pickaxe":1}},"DataVersion":3955}