{"stats":{"minecraft:killed":{"minecraft:zombie_villager":1,"minecraft:salmon":9},"minecraft:mined":{"minecraft:birch_log":7,"minecraft:kelp_plant":1,"minecraft:iron_ore":3,"minecraft:short_grass":7,"minecraft:grass_block":13,"minecraft:oak_log":14,"minecraft:coal_ore":53,"minecraft:dirt":3,"minecraft:stripped_oak_log":1,"minecraft:copper_ore":9,"minecraft:stone":443,"minecraft:kelp":1,"minecraft:oak_leaves":5},"minecraft:picked_up":{"minecraft:stripped_oak_log":1,"minecraft:birch_leaves":1,"minecraft:stick":21,"minecraft:raw_iron":3,"minecraft:salmon":8,"minecraft:oak_log":77,"minecraft:dirt":16,"minecraft:raw_copper":26,"minecraft:arrow":2,"minecraft:apple":7,"minecraft:kelp":4,"minecraft:wheat_seeds":1,"minecraft:oak_sapling":24,"minecraft:birch_sapling":1,"minecraft:coal":52,"minecraft:oak_leaves":1,"minecraft:cobblestone":437,"minecraft:birch_log":19},"minecraft:crafted":{"minecraft:oak_planks":40,"minecraft:wooden_shovel":1,"minecraft:stone_shovel":1,"minecraft:crafting_table":2,"minecraft:iron_pickaxe":1,"minecraft:stick":16,"minecraft:iron_ingot":3,"minecraft:wooden_pickaxe":1,"minecraft:stone_pickaxe":2,"minecraft:wooden_axe":1,"minecraft:stone_sword":1,"minecraft:furnace":1,"minecraft:cooked_salmon":8,"minecraft:torch":4,"minecraft:stone_axe":1,"minecraft:air":0},"minecraft:custom":{"minecraft:time_since_rest":58281,"minecraft:interact_with_furnace":11,"minecraft:sprint_one_cm":53768,"minecraft:damage_taken":284,"minecraft:walk_one_cm":89244,"minecraft:mob_kills":10,"minecraft:drop":6,"minecraft:damage_dealt":772,"minecraft:swim_one_cm":12351,"minecraft:interact_with_crafting_table":13,"minecraft:fly_one_cm":68688,"minecraft:crouch_one_cm":52012,"minecraft:play_time":58281,"minecraft:sneak_time":14176,"minecraft:walk_under_water_one_cm":8683,"minecraft:jump":432,"minecraft:leave_game":1,"minecraft:walk_on_water_one_cm":4924,"minecraft:time_since_death":58281,"minecraft:total_world_time":58281,"minecraft:fall_one_cm":7112},"minecraft:used":{"minecraft:stone_sword":8,"minecraft:stone_shovel":12,"minecraft:stone_pickaxe":262,"minecraft:iron_pickaxe":206,"minecraft:wooden_pickaxe":43,"minecraft:cooked_salmon":5,"minecraft:stone_axe":28,"minecraft:torch":4,"minecraft:dirt":10,"minecraft:cobblestone":6,"minecraft:crafting_table":2,"minecraft:furnace":1,"minecraft:oak_sapling":1},"minecraft:dropped":{"minecraft:wooden_axe":1,"minecraft:cooked_salmon":3,"minecraft:wooden_shovel":1,"minecraft:wooden_pickaxe":1},"minecraft:broken":{"minecraft:stone_pickaxe":2}},"DataVersion":3955}