{"stats":{"minecraft:crafted":{"minecraft:wooden_shovel":1,"minecraft:stone_shovel":1,"minecraft:crafting_table":1,"minecraft:stick":28,"minecraft:wooden_pickaxe":1,"minecraft:stone_pickaxe":2,"minecraft:wooden_axe":1,"minecraft:stone_sword":1,"minecraft:furnace":1,"minecraft:white_bed":1,"minecraft:birch_door":3,"minecraft:torch":52,"minecraft:birch_planks":40,"minecraft:stone_axe":1,"minecraft:air":0,"minecraft:cooked_mutton":3},"minecraft:used":{"minecraft:birch_door":1,"minecraft:cooked_mutton":2,"minecraft:wooden_axe":43,"minecraft:stone_sword":3,"minecraft:stone_shovel":3,"minecraft:stone_pickaxe":90,"minecraft:wooden_pickaxe":5,"minecraft:wooden_shovel":16,"minecraft:rotten_flesh":2,"minecraft:stone_axe":4,"minecraft:torch":7,"minecraft:dirt":6,"minecraft:crafting_table":2,"minecraft:furnace":1,"minecraft:white_bed":2,"minecraft:dandelion":1},"minecraft:mined":{"minecraft:white_bed":1,"minecraft:birch_log":40,"minecraft:birch_leaves":5,"minecraft:dandelion":1,"minecraft:crafting_table":1,"minecraft:grass":18,"minecraft:oak_log":2,"minecraft:grass_block":7,"minecraft:coal_ore":33,"minecraft:dirt":16,"minecraft:tall_grass":1,"minecraft:stone":62},"minecraft:custom":{"minecraft:time_since_rest":794,"minecraft:interact_with_furnace":5,"minecraft:sprint_one_cm":48942,"minecraft:damage_taken":90,"minecraft:walk_one_cm":21625,"minecraft:mob_kills":3,"minecraft:drop":2,"minecraft:damage_dealt":447,"minecraft:player_kills":1,"minecraft:interact_with_crafting_table":15,"minecraft:fly_one_cm":50750,"minecraft:crouch_one_cm":3377,"minecraft:play_time":24485,"minecraft:sneak_time":2568,"minecraft:jump":294,"minecraft:time_since_death":24485,"minecraft:sleep_in_bed":4,"minecraft:total_world_time":24485,"minecraft:fall_one_cm":6514},"minecraft:killed":{"minecraft:sheep":3},"minecraft:dropped":{"minecraft:wheat_seeds":2},"minecraft:picked_up":{"minecraft:birch_log":40,"minecraft:stick":1,"minecraft:crafting_table":1,"minecraft:dandelion":1,"minecraft:oak_log":1,"minecraft:white_bed":1,"minecraft:dirt":21,"minecraft:rotten_flesh":2,"minecraft:wheat_seeds":5,"minecraft:birch_sapling":3,"minecraft:mutton":4,"minecraft:coal":33,"minecraft:white_wool":3,"minecraft:cobblestone":62}},"DataVersion":3465}