{"stats":{"minecraft:crafted":{"minecraft:white_bed":1,"minecraft:birch_planks":12,"minecraft:crafting_table":1,"minecraft:stick":4,"minecraft:wooden_axe":1},"minecraft:used":{"minecraft:wooden_axe":31,"minecraft:dirt":4,"minecraft:crafting_table":1,"minecraft:white_bed":1,"minecraft:dandelion":1},"minecraft:mined":{"minecraft:grass":17,"minecraft:grass_block":3,"minecraft:dirt":1,"minecraft:birch_log":30,"minecraft:tall_grass":1,"minecraft:birch_leaves":3,"minecraft:dandelion":1},"minecraft:custom":{"minecraft:time_since_rest":4108,"minecraft:crouch_one_cm":1649,"minecraft:play_time":12485,"minecraft:sprint_one_cm":28458,"minecraft:damage_taken":90,"minecraft:walk_one_cm":7581,"minecraft:sneak_time":1228,"minecraft:mob_kills":3,"minecraft:drop":2,"minecraft:jump":155,"minecraft:damage_dealt":240,"minecraft:time_since_death":12485,"minecraft:sleep_in_bed":2,"minecraft:total_world_time":12485,"minecraft:interact_with_crafting_table":2,"minecraft:fall_one_cm":6036,"minecraft:fly_one_cm":36882},"minecraft:killed":{"minecraft:sheep":3},"minecraft:dropped":{"minecraft:wheat_seeds":2},"minecraft:picked_up":{"minecraft:birch_log":30,"minecraft:stick":1,"minecraft:wheat_seeds":5,"minecraft:dandelion":1,"minecraft:mutton":4,"minecraft:birch_sapling":2,"minecraft:white_wool":3,"minecraft:dirt":4}},"DataVersion":3465}