{"stats":{"minecraft:killed":{"minecraft:zombie_villager":1,"minecraft:salmon":9,"minecraft:skeleton":1,"minecraft:zombie":1,"minecraft:chicken":2,"minecraft:cow":8},"minecraft:mined":{"minecraft:brown_mushroom":3,"minecraft:kelp_plant":1,"minecraft:oak_door":6,"minecraft:crafting_table":1,"minecraft:short_grass":7,"minecraft:grass_block":25,"minecraft:copper_ore":9,"minecraft:lapis_ore":2,"minecraft:sugar_cane":3,"minecraft:kelp":1,"minecraft:birch_log":7,"minecraft:iron_ore":23,"minecraft:andesite":2,"minecraft:coal_ore":103,"minecraft:oak_log":14,"minecraft:dirt":4,"minecraft:stripped_oak_log":1,"minecraft:stone":497,"minecraft:oak_leaves":5},"minecraft:picked_up":{"minecraft:stripped_oak_log":1,"minecraft:birch_log":19,"minecraft:crafting_table":1,"minecraft:birch_leaves":1,"minecraft:feather":2,"minecraft:chicken":2,"minecraft:salmon":8,"minecraft:andesite":2,"minecraft:leather":8,"minecraft:brown_mushroom":3,"minecraft:oak_log":92,"minecraft:lapis_lazuli":10,"minecraft:dirt":28,"minecraft:raw_copper":26,"minecraft:bone":1,"minecraft:apple":9,"minecraft:kelp":4,"minecraft:wheat_seeds":1,"minecraft:beef":19,"minecraft:sugar_cane":6,"minecraft:birch_sapling":2,"minecraft:raw_iron":23,"minecraft:stick":27,"minecraft:oak_door":6,"minecraft:arrow":2,"minecraft:oak_sapling":32,"minecraft:coal":102,"minecraft:oak_leaves":1,"minecraft:cobblestone":488},"minecraft:crafted":{"minecraft:oak_door":3,"minecraft:oak_planks":116,"minecraft:wooden_shovel":1,"minecraft:stone_shovel":1,"minecraft:crafting_table":3,"minecraft:wooden_pickaxe":1,"minecraft:furnace":2,"minecraft:cooked_salmon":8,"minecraft:stone_axe":1,"minecraft:air":0,"minecraft:stick":16,"minecraft:iron_ingot":14,"minecraft:iron_pickaxe":1,"minecraft:stone_pickaxe":3,"minecraft:wooden_axe":1,"minecraft:stone_sword":1,"minecraft:chest":2,"minecraft:torch":4},"minecraft:custom":{"minecraft:interact_with_furnace":20,"minecraft:mob_kills":22,"minecraft:interact_with_crafting_table":19,"minecraft:leave_game":1,"minecraft:time_since_death":76281,"minecraft:time_since_rest":76281,"minecraft:sprint_one_cm":85466,"minecraft:damage_taken":384,"minecraft:walk_one_cm":122948,"minecraft:drop":11,"minecraft:damage_dealt":2063,"minecraft:swim_one_cm":49457,"minecraft:fly_one_cm":116144,"minecraft:open_chest":4,"minecraft:crouch_one_cm":59423,"minecraft:play_time":76281,"minecraft:sneak_time":17786,"minecraft:walk_under_water_one_cm":15705,"minecraft:jump":719,"minecraft:walk_on_water_one_cm":13432,"minecraft:total_world_time":76281,"minecraft:fall_one_cm":11120},"minecraft:used":{"minecraft:stone_sword":41,"minecraft:stone_shovel":25,"minecraft:stone_pickaxe":346,"minecraft:chest":2,"minecraft:wooden_pickaxe":43,"minecraft:cooked_salmon":5,"minecraft:oak_door":6,"minecraft:torch":4,"minecraft:dirt":13,"minecraft:crafting_table":3,"minecraft:apple":2,"minecraft:iron_pickaxe":250,"minecraft:stone_axe":38,"minecraft:cobblestone":6,"minecraft:oak_sapling":1,"minecraft:furnace":2},"minecraft:dropped":{"minecraft:wheat_seeds":1,"minecraft:birch_leaves":1,"minecraft:apple":1,"minecraft:andesite":2,"minecraft:wooden_axe":1,"minecraft:cooked_salmon":3,"minecraft:wooden_shovel":1,"minecraft:wooden_pickaxe":1,"minecraft:oak_leaves":1},"minecraft:broken":{"minecraft:stone_pickaxe":2,"minecraft:iron_pickaxe":1}},"DataVersion":3955}