{"stats":{"minecraft:killed":{"minecraft:zombie_villager":1},"minecraft:picked_up":{"minecraft:stick":3,"minecraft:oak_log":4,"minecraft:oak_sapling":5,"minecraft:cobblestone":5},"minecraft:mined":{"minecraft:short_grass":2,"minecraft:oak_log":4,"minecraft:stone":6,"minecraft:oak_leaves":5},"minecraft:crafted":{"minecraft:oak_planks":16,"minecraft:wooden_shovel":1,"minecraft:crafting_table":1,"minecraft:stick":4,"minecraft:wooden_pickaxe":1},"minecraft:custom":{"minecraft:time_since_rest":10281,"minecraft:crouch_one_cm":2202,"minecraft:sprint_one_cm":15264,"minecraft:play_time":10281,"minecraft:damage_taken":40,"minecraft:walk_one_cm":12821,"minecraft:sneak_time":959,"minecraft:mob_kills":1,"minecraft:jump":108,"minecraft:damage_dealt":243,"minecraft:leave_game":1,"minecraft:time_since_death":10281,"minecraft:total_world_time":10281,"minecraft:interact_with_crafting_table":1,"minecraft:fall_one_cm":3222,"minecraft:fly_one_cm":17273},"minecraft:used":{"minecraft:crafting_table":1,"minecraft:oak_sapling":1,"minecraft:wooden_pickaxe":6}},"DataVersion":3955}