{"stats":{"minecraft:killed":{"minecraft:zombie_villager":1,"minecraft:salmon":9,"minecraft:spider":2,"minecraft:skeleton":5,"minecraft:zombie":7,"minecraft:chicken":2,"minecraft:cow":8},"minecraft:mined":{"minecraft:tuff":2,"minecraft:brown_mushroom":3,"minecraft:deepslate_diamond_ore":11,"minecraft:kelp_plant":1,"minecraft:oak_door":7,"minecraft:crafting_table":1,"minecraft:granite":1,"minecraft:short_grass":7,"minecraft:grass_block":25,"minecraft:copper_ore":9,"minecraft:lapis_ore":2,"minecraft:sugar_cane":3,"minecraft:kelp":1,"minecraft:diorite":1,"minecraft:birch_log":7,"minecraft:iron_ore":31,"minecraft:andesite":3,"minecraft:deepslate_lapis_ore":3,"minecraft:coal_ore":115,"minecraft:oak_log":14,"minecraft:deepslate_iron_ore":8,"minecraft:dirt":4,"minecraft:stripped_oak_log":1,"minecraft:stone":504,"minecraft:oak_leaves":5,"minecraft:deepslate":12},"minecraft:picked_up":{"minecraft:stripped_oak_log":1,"minecraft:birch_log":19,"minecraft:golden_leggings":2,"minecraft:crafting_table":1,"minecraft:birch_leaves":1,"minecraft:feather":2,"minecraft:chicken":2,"minecraft:salmon":8,"minecraft:andesite":2,"minecraft:leather":8,"minecraft:brown_mushroom":3,"minecraft:tuff":2,"minecraft:oak_log":92,"minecraft:string":2,"minecraft:lapis_lazuli":28,"minecraft:dirt":28,"minecraft:raw_copper":26,"minecraft:bone":5,"minecraft:apple":9,"minecraft:kelp":4,"minecraft:wheat_seeds":1,"minecraft:cobbled_deepslate":18,"minecraft:beef":19,"minecraft:sugar_cane":6,"minecraft:birch_sapling":2,"minecraft:raw_iron":38,"minecraft:stick":27,"minecraft:oak_door":10,"minecraft:diorite":1,"minecraft:spider_eye":1,"minecraft:arrow":4,"minecraft:rotten_flesh":9,"minecraft:diamond":11,"minecraft:iron_helmet":1,"minecraft:granite":1,"minecraft:oak_sapling":32,"minecraft:coal":114,"minecraft:oak_leaves":1,"minecraft:cobblestone":500},"minecraft:crafted":{"minecraft:oak_door":9,"minecraft:oak_planks":116,"minecraft:wooden_shovel":1,"minecraft:stone_shovel":1,"minecraft:crafting_table":5,"minecraft:wooden_pickaxe":1,"minecraft:cooked_chicken":2,"minecraft:iron_sword":1,"minecraft:furnace":3,"minecraft:cooked_salmon":8,"minecraft:bucket":2,"minecraft:stone_axe":2,"minecraft:air":0,"minecraft:iron_chestplate":1,"minecraft:shield":1,"minecraft:stick":16,"minecraft:iron_ingot":26,"minecraft:iron_pickaxe":3,"minecraft:stone_pickaxe":3,"minecraft:wooden_axe":1,"minecraft:stone_sword":1,"minecraft:chest":2,"minecraft:torch":52,"minecraft:cooked_beef":19},"minecraft:custom":{"minecraft:interact_with_furnace":46,"minecraft:mob_kills":37,"minecraft:interact_with_crafting_table":30,"minecraft:leave_game":1,"minecraft:time_since_death":5357,"minecraft:time_since_rest":5386,"minecraft:sprint_one_cm":123912,"minecraft:damage_taken":1476,"minecraft:walk_one_cm":172010,"minecraft:damage_blocked_by_shield":934,"minecraft:drop":22,"minecraft:damage_dealt":4590,"minecraft:swim_one_cm":60089,"minecraft:fly_one_cm":176011,"minecraft:open_chest":12,"minecraft:crouch_one_cm":64941,"minecraft:play_time":100281,"minecraft:deaths":1,"minecraft:sneak_time":21258,"minecraft:walk_under_water_one_cm":22369,"minecraft:jump":1111,"minecraft:walk_on_water_one_cm":25346,"minecraft:total_world_time":100281,"minecraft:fall_one_cm":19246},"minecraft:used":{"minecraft:water_bucket":8,"minecraft:stone_sword":41,"minecraft:stone_shovel":25,"minecraft:stone_pickaxe":346,"minecraft:shield":14,"minecraft:chest":2,"minecraft:wooden_pickaxe":43,"minecraft:iron_sword":55,"minecraft:rotten_flesh":4,"minecraft:cooked_salmon":5,"minecraft:oak_door":8,"minecraft:torch":38,"minecraft:dirt":13,"minecraft:crafting_table":5,"minecraft:tuff":2,"minecraft:apple":2,"minecraft:iron_pickaxe":317,"minecraft:stone_axe":39,"minecraft:cobblestone":6,"minecraft:oak_sapling":1,"minecraft:furnace":3,"minecraft:bucket":10,"minecraft:cooked_beef":10,"minecraft:cobbled_deepslate":1},"minecraft:dropped":{"minecraft:water_bucket":1,"minecraft:wheat_seeds":1,"minecraft:birch_leaves":1,"minecraft:cooked_beef":4,"minecraft:cooked_chicken":2,"minecraft:stone_sword":1,"minecraft:cobblestone":1,"minecraft:apple":1,"minecraft:andesite":2,"minecraft:wooden_axe":1,"minecraft:golden_leggings":1,"minecraft:cooked_salmon":3,"minecraft:wooden_shovel":1,"minecraft:iron_pickaxe":1,"minecraft:stone_pickaxe":1,"minecraft:wooden_pickaxe":1,"minecraft:oak_leaves":1,"minecraft:oak_door":6},"minecraft:killed_by":{"minecraft:skeleton":1},"minecraft:broken":{"minecraft:stone_pickaxe":2,"minecraft:iron_pickaxe":1}},"DataVersion":3955}