{"stats":{"minecraft:killed":{"minecraft:zombie_villager":1,"minecraft:salmon":9,"minecraft:spider":1,"minecraft:skeleton":2,"minecraft:zombie":3,"minecraft:chicken":2,"minecraft:cow":8},"minecraft:mined":{"minecraft:brown_mushroom":3,"minecraft:kelp_plant":1,"minecraft:oak_door":7,"minecraft:crafting_table":1,"minecraft:granite":1,"minecraft:short_grass":7,"minecraft:grass_block":25,"minecraft:copper_ore":9,"minecraft:lapis_ore":2,"minecraft:sugar_cane":3,"minecraft:kelp":1,"minecraft:diorite":1,"minecraft:birch_log":7,"minecraft:iron_ore":31,"minecraft:andesite":3,"minecraft:coal_ore":115,"minecraft:oak_log":14,"minecraft:dirt":4,"minecraft:stripped_oak_log":1,"minecraft:stone":504,"minecraft:oak_leaves":5},"minecraft:picked_up":{"minecraft:stripped_oak_log":1,"minecraft:birch_log":19,"minecraft:crafting_table":1,"minecraft:birch_leaves":1,"minecraft:feather":2,"minecraft:chicken":2,"minecraft:salmon":8,"minecraft:andesite":2,"minecraft:leather":8,"minecraft:brown_mushroom":3,"minecraft:oak_log":92,"minecraft:lapis_lazuli":10,"minecraft:dirt":28,"minecraft:raw_copper":26,"minecraft:bone":2,"minecraft:apple":9,"minecraft:kelp":4,"minecraft:wheat_seeds":1,"minecraft:cobbled_deepslate":4,"minecraft:beef":19,"minecraft:sugar_cane":6,"minecraft:birch_sapling":2,"minecraft:raw_iron":31,"minecraft:stick":27,"minecraft:oak_door":10,"minecraft:diorite":1,"minecraft:arrow":2,"minecraft:rotten_flesh":5,"minecraft:granite":1,"minecraft:oak_sapling":32,"minecraft:coal":114,"minecraft:oak_leaves":1,"minecraft:cobblestone":497},"minecraft:crafted":{"minecraft:oak_door":9,"minecraft:oak_planks":116,"minecraft:wooden_shovel":1,"minecraft:stone_shovel":1,"minecraft:crafting_table":5,"minecraft:wooden_pickaxe":1,"minecraft:cooked_chicken":2,"minecraft:iron_sword":1,"minecraft:furnace":2,"minecraft:cooked_salmon":8,"minecraft:bucket":2,"minecraft:stone_axe":2,"minecraft:air":0,"minecraft:iron_chestplate":1,"minecraft:shield":1,"minecraft:stick":16,"minecraft:iron_ingot":23,"minecraft:iron_pickaxe":2,"minecraft:stone_pickaxe":3,"minecraft:wooden_axe":1,"minecraft:stone_sword":1,"minecraft:chest":2,"minecraft:torch":52,"minecraft:cooked_beef":19},"minecraft:custom":{"minecraft:interact_with_furnace":32,"minecraft:mob_kills":26,"minecraft:interact_with_crafting_table":27,"minecraft:leave_game":1,"minecraft:time_since_death":88281,"minecraft:time_since_rest":88281,"minecraft:sprint_one_cm":100672,"minecraft:damage_taken":669,"minecraft:walk_one_cm":146563,"minecraft:damage_blocked_by_shield":75,"minecraft:drop":20,"minecraft:damage_dealt":2812,"minecraft:swim_one_cm":58919,"minecraft:fly_one_cm":138064,"minecraft:open_chest":12,"minecraft:crouch_one_cm":62007,"minecraft:play_time":88281,"minecraft:sneak_time":19906,"minecraft:walk_under_water_one_cm":20144,"minecraft:jump":873,"minecraft:walk_on_water_one_cm":15077,"minecraft:total_world_time":88281,"minecraft:fall_one_cm":13779},"minecraft:used":{"minecraft:water_bucket":7,"minecraft:stone_sword":41,"minecraft:stone_shovel":25,"minecraft:stone_pickaxe":346,"minecraft:shield":1,"minecraft:chest":2,"minecraft:wooden_pickaxe":43,"minecraft:iron_sword":16,"minecraft:cooked_salmon":5,"minecraft:oak_door":8,"minecraft:torch":25,"minecraft:dirt":13,"minecraft:crafting_table":5,"minecraft:apple":2,"minecraft:iron_pickaxe":281,"minecraft:stone_axe":39,"minecraft:cobblestone":6,"minecraft:oak_sapling":1,"minecraft:furnace":2,"minecraft:bucket":9,"minecraft:cooked_beef":4},"minecraft:dropped":{"minecraft:water_bucket":1,"minecraft:wheat_seeds":1,"minecraft:birch_leaves":1,"minecraft:cooked_chicken":2,"minecraft:stone_sword":1,"minecraft:cobblestone":1,"minecraft:apple":1,"minecraft:andesite":2,"minecraft:wooden_axe":1,"minecraft:cooked_salmon":3,"minecraft:wooden_shovel":1,"minecraft:iron_pickaxe":1,"minecraft:stone_pickaxe":1,"minecraft:wooden_pickaxe":1,"minecraft:oak_leaves":1,"minecraft:oak_door":6},"minecraft:broken":{"minecraft:stone_pickaxe":2,"minecraft:iron_pickaxe":1}},"DataVersion":3955}