{"stats":{"minecraft:killed":{"minecraft:zombie_villager":1,"minecraft:salmon":3},"minecraft:mined":{"minecraft:short_grass":7,"minecraft:oak_log":14,"minecraft:coal_ore":21,"minecraft:dirt":1,"minecraft:stripped_oak_log":1,"minecraft:stone":78,"minecraft:oak_leaves":5},"minecraft:picked_up":{"minecraft:stripped_oak_log":1,"minecraft:stick":3,"minecraft:salmon":3,"minecraft:oak_log":14,"minecraft:dirt":1,"minecraft:arrow":2,"minecraft:wheat_seeds":1,"minecraft:oak_sapling":5,"minecraft:coal":21,"minecraft:cobblestone":74},"minecraft:crafted":{"minecraft:oak_planks":40,"minecraft:wooden_shovel":1,"minecraft:stone_shovel":1,"minecraft:crafting_table":2,"minecraft:stick":12,"minecraft:wooden_pickaxe":1,"minecraft:stone_pickaxe":1,"minecraft:wooden_axe":1,"minecraft:furnace":1,"minecraft:cooked_salmon":3,"minecraft:stone_axe":1,"minecraft:air":0},"minecraft:custom":{"minecraft:time_since_rest":34281,"minecraft:interact_with_furnace":3,"minecraft:sprint_one_cm":30325,"minecraft:damage_taken":194,"minecraft:walk_one_cm":47889,"minecraft:mob_kills":4,"minecraft:drop":3,"minecraft:damage_dealt":482,"minecraft:swim_one_cm":8892,"minecraft:interact_with_crafting_table":8,"minecraft:fly_one_cm":36139,"minecraft:crouch_one_cm":12767,"minecraft:play_time":34281,"minecraft:sneak_time":5118,"minecraft:walk_under_water_one_cm":2751,"minecraft:jump":229,"minecraft:leave_game":1,"minecraft:walk_on_water_one_cm":1118,"minecraft:time_since_death":34281,"minecraft:total_world_time":34281,"minecraft:fall_one_cm":4186},"minecraft:used":{"minecraft:stone_pickaxe":57,"minecraft:wooden_pickaxe":43,"minecraft:cooked_salmon":3,"minecraft:stone_axe":19,"minecraft:dirt":1,"minecraft:crafting_table":2,"minecraft:furnace":1,"minecraft:oak_sapling":1},"minecraft:dropped":{"minecraft:wooden_axe":1,"minecraft:wooden_shovel":1,"minecraft:wooden_pickaxe":1}},"DataVersion":3955}