{"stats":{"minecraft:used":{"minecraft:sand":2},"minecraft:mined":{"minecraft:grass":2,"minecraft:sand":2},"minecraft:custom":{"minecraft:jump":22,"minecraft:time_since_rest":22000,"minecraft:damage_dealt":10,"minecraft:sprint_one_cm":2384,"minecraft:play_time":22000,"minecraft:time_since_death":22000,"minecraft:walk_one_cm":1693,"minecraft:sneak_time":13,"minecraft:total_world_time":22000,"minecraft:fall_one_cm":836,"minecraft:fly_one_cm":5603},"minecraft:picked_up":{"minecraft:sand":2}},"DataVersion":3465}