{"stats":{"minecraft:killed":{"minecraft:zombie_villager":1,"minecraft:salmon":9},"minecraft:mined":{"minecraft:kelp_plant":1,"minecraft:iron_ore":3,"minecraft:short_grass":7,"minecraft:grass_block":1,"minecraft:oak_log":14,"minecraft:coal_ore":53,"minecraft:dirt":1,"minecraft:stripped_oak_log":1,"minecraft:copper_ore":9,"minecraft:stone":176,"minecraft:kelp":1,"minecraft:oak_leaves":5},"minecraft:picked_up":{"minecraft:stripped_oak_log":1,"minecraft:stick":10,"minecraft:raw_iron":3,"minecraft:salmon":8,"minecraft:oak_log":23,"minecraft:dirt":2,"minecraft:raw_copper":26,"minecraft:arrow":2,"minecraft:kelp":4,"minecraft:wheat_seeds":1,"minecraft:oak_sapling":8,"minecraft:birch_sapling":1,"minecraft:coal":52,"minecraft:cobblestone":171,"minecraft:birch_log":5},"minecraft:crafted":{"minecraft:oak_planks":40,"minecraft:wooden_shovel":1,"minecraft:stone_shovel":1,"minecraft:crafting_table":2,"minecraft:stick":16,"minecraft:wooden_pickaxe":1,"minecraft:stone_pickaxe":2,"minecraft:wooden_axe":1,"minecraft:stone_sword":1,"minecraft:furnace":1,"minecraft:cooked_salmon":3,"minecraft:torch":4,"minecraft:stone_axe":1,"minecraft:air":0},"minecraft:custom":{"minecraft:time_since_rest":46281,"minecraft:interact_with_furnace":4,"minecraft:sprint_one_cm":37037,"minecraft:damage_taken":254,"minecraft:walk_one_cm":63913,"minecraft:mob_kills":10,"minecraft:drop":3,"minecraft:damage_dealt":662,"minecraft:swim_one_cm":12351,"minecraft:interact_with_crafting_table":11,"minecraft:fly_one_cm":46597,"minecraft:crouch_one_cm":27858,"minecraft:play_time":46281,"minecraft:sneak_time":9421,"minecraft:walk_under_water_one_cm":8683,"minecraft:jump":322,"minecraft:leave_game":1,"minecraft:walk_on_water_one_cm":4924,"minecraft:time_since_death":46281,"minecraft:total_world_time":46281,"minecraft:fall_one_cm":5440},"minecraft:used":{"minecraft:stone_sword":6,"minecraft:stone_shovel":1,"minecraft:stone_pickaxe":199,"minecraft:wooden_pickaxe":43,"minecraft:cooked_salmon":3,"minecraft:stone_axe":21,"minecraft:torch":3,"minecraft:dirt":1,"minecraft:cobblestone":6,"minecraft:crafting_table":2,"minecraft:furnace":1,"minecraft:oak_sapling":1},"minecraft:dropped":{"minecraft:wooden_axe":1,"minecraft:wooden_shovel":1,"minecraft:wooden_pickaxe":1},"minecraft:broken":{"minecraft:stone_pickaxe":1}},"DataVersion":3955}