{"stats":{"minecraft:killed":{"minecraft:zombie_villager":1},"minecraft:picked_up":{"minecraft:stick":3,"minecraft:oak_log":4,"minecraft:oak_sapling":5,"minecraft:dirt":1,"minecraft:cobblestone":39},"minecraft:mined":{"minecraft:short_grass":2,"minecraft:oak_log":4,"minecraft:dirt":1,"minecraft:stone":42,"minecraft:oak_leaves":5},"minecraft:crafted":{"minecraft:oak_planks":16,"minecraft:wooden_shovel":1,"minecraft:crafting_table":1,"minecraft:stick":4,"minecraft:wooden_pickaxe":1},"minecraft:custom":{"minecraft:time_since_rest":22281,"minecraft:crouch_one_cm":8883,"minecraft:sprint_one_cm":15638,"minecraft:play_time":22281,"minecraft:damage_taken":60,"minecraft:walk_one_cm":25329,"minecraft:sneak_time":3285,"minecraft:mob_kills":1,"minecraft:jump":115,"minecraft:damage_dealt":308,"minecraft:leave_game":1,"minecraft:time_since_death":22281,"minecraft:total_world_time":22281,"minecraft:interact_with_crafting_table":1,"minecraft:fall_one_cm":3222,"minecraft:fly_one_cm":17510},"minecraft:used":{"minecraft:crafting_table":1,"minecraft:oak_sapling":1,"minecraft:wooden_pickaxe":43}},"DataVersion":3955}