{"minecraft:recipes/redstone/lever":{"criteria":{"has_cobblestone":"2024-11-23 04:35:11 +0000"},"done":true},"minecraft:recipes/combat/iron_sword":{"criteria":{"has_iron_ingot":"2024-11-23 05:42:37 +0000"},"done":true},"minecraft:recipes/building_blocks/polished_deepslate":{"criteria":{"has_cobbled_deepslate":"2024-11-23 05:37:17 +0000"},"done":true},"minecraft:recipes/tools/iron_pickaxe":{"criteria":{"has_iron_ingot":"2024-11-23 05:42:37 +0000"},"done":true},"minecraft:recipes/decorations/ladder":{"criteria":{"has_stick":"2024-11-23 04:57:15 +0000"},"done":true},"minecraft:recipes/transportation/mangrove_boat":{"criteria":{"in_water":"2024-11-23 05:33:04 +0000"},"done":true},"minecraft:recipes/decorations/torch":{"criteria":{"has_stone_pickaxe":"2024-11-23 05:14:23 +0000"},"done":true},"minecraft:recipes/combat/iron_leggings":{"criteria":{"has_iron_ingot":"2024-11-23 05:42:37 +0000"},"done":true},"minecraft:recipes/combat/shield":{"criteria":{"has_iron_ingot":"2024-11-23 05:42:37 +0000"},"done":true},"minecraft:recipes/redstone/hopper":{"criteria":{"has_iron_ingot":"2024-11-23 05:42:37 +0000"},"done":true},"minecraft:recipes/building_blocks/deepslate_tile_stairs_from_cobbled_deepslate_stonecutting":{"criteria":{"has_cobbled_deepslate":"2024-11-23 05:37:17 +0000"},"done":true},"minecraft:recipes/misc/gold_ingot_from_smelting_raw_gold":{"criteria":{"has_raw_gold":"2024-11-23 05:40:07 +0000"},"done":true},"minecraft:recipes/building_blocks/andesite_stairs_from_andesite_stonecutting":{"criteria":{"has_andesite":"2024-11-23 05:34:22 +0000"},"done":true},"minecraft:recipes/decorations/iron_bars":{"criteria":{"has_iron_ingot":"2024-11-23 05:42:37 +0000"},"done":true},"minecraft:recipes/decorations/deepslate_brick_wall_from_cobbled_deepslate_stonecutting":{"criteria":{"has_cobbled_deepslate":"2024-11-23 05:37:17 +0000"},"done":true},"minecraft:recipes/combat/diamond_leggings":{"criteria":{"has_diamond":"2024-11-23 05:39:18 +0000"},"done":true},"minecraft:recipes/building_blocks/polished_deepslate_from_cobbled_deepslate_stonecutting":{"criteria":{"has_cobbled_deepslate":"2024-11-23 05:37:17 +0000"},"done":true},"minecraft:recipes/misc/iron_nugget_from_smelting":{"criteria":{"has_iron_pickaxe":"2024-11-23 05:37:20 +0000"},"done":true},"minecraft:recipes/building_blocks/polished_deepslate_slab_from_cobbled_deepslate_stonecutting":{"criteria":{"has_cobbled_deepslate":"2024-11-23 05:37:17 +0000"},"done":true},"minecraft:recipes/misc/blue_dye":{"criteria":{"has_lapis_lazuli":"2024-11-23 05:41:55 +0000"},"done":true},"minecraft:recipes/building_blocks/oak_slab":{"criteria":{"has_planks":"2024-11-23 05:02:55 +0000"},"done":true},"minecraft:recipes/building_blocks/granite_stairs":{"criteria":{"has_granite":"2024-11-23 05:37:04 +0000"},"done":true},"minecraft:recipes/building_blocks/diorite_stairs_from_diorite_stonecutting":{"criteria":{"has_diorite":"2024-11-23 05:35:51 +0000"},"done":true},"minecraft:recipes/redstone/birch_button":{"criteria":{"has_planks":"2024-11-23 04:33:24 +0000"},"done":true},"minecraft:recipes/building_blocks/raw_gold_block":{"criteria":{"has_raw_gold":"2024-11-23 05:40:07 +0000"},"done":true},"minecraft:recipes/combat/iron_boots":{"criteria":{"has_iron_ingot":"2024-11-23 05:42:37 +0000"},"done":true},"minecraft:recipes/building_blocks/birch_planks":{"criteria":{"has_logs":"2024-11-23 04:33:20 +0000"},"done":true},"minecraft:story/iron_tools":{"criteria":{"iron_pickaxe":"2024-11-23 05:37:20 +0000"},"done":true},"minecraft:recipes/combat/iron_chestplate":{"criteria":{"has_iron_ingot":"2024-11-23 05:42:37 +0000"},"done":true},"minecraft:recipes/decorations/oak_sign":{"criteria":{"has_planks":"2024-11-23 05:02:55 +0000"},"done":true},"minecraft:recipes/redstone/oak_trapdoor":{"criteria":{"has_planks":"2024-11-23 05:02:55 +0000"},"done":true},"minecraft:recipes/building_blocks/granite_stairs_from_granite_stonecutting":{"criteria":{"has_granite":"2024-11-23 05:37:04 +0000"},"done":true},"minecraft:recipes/building_blocks/deepslate_brick_stairs_from_cobbled_deepslate_stonecutting":{"criteria":{"has_cobbled_deepslate":"2024-11-23 05:37:17 +0000"},"done":true},"minecraft:recipes/combat/stone_sword":{"criteria":{"has_cobblestone":"2024-11-23 04:35:11 +0000"},"done":true},"minecraft:recipes/decorations/cobblestone_wall":{"criteria":{"has_cobblestone":"2024-11-23 04:35:11 +0000"},"done":true},"minecraft:recipes/misc/iron_ingot_from_smelting_raw_iron":{"criteria":{"has_raw_iron":"2024-11-23 05:40:57 +0000"},"done":true},"minecraft:recipes/tools/stone_pickaxe":{"criteria":{"has_cobblestone":"2024-11-23 04:35:11 +0000"},"done":true},"minecraft:recipes/building_blocks/deepslate_brick_slab_from_cobbled_deepslate_stonecutting":{"criteria":{"has_cobbled_deepslate":"2024-11-23 05:37:17 +0000"},"done":true},"minecraft:recipes/building_blocks/lapis_block":{"criteria":{"has_lapis_lazuli":"2024-11-23 05:41:55 +0000"},"done":true},"minecraft:recipes/decorations/lantern":{"criteria":{"has_iron_ingot":"2024-11-23 05:42:37 +0000"},"done":true},"minecraft:recipes/building_blocks/polished_diorite":{"criteria":{"has_diorite":"2024-11-23 05:35:51 +0000"},"done":true},"minecraft:recipes/building_blocks/cobbled_deepslate_slab_from_cobbled_deepslate_stonecutting":{"criteria":{"has_cobbled_deepslate":"2024-11-23 05:37:17 +0000"},"done":true},"minecraft:recipes/tools/stone_axe":{"criteria":{"has_cobblestone":"2024-11-23 04:35:11 +0000"},"done":true},"minecraft:recipes/building_blocks/raw_iron_block":{"criteria":{"has_raw_iron":"2024-11-23 05:40:57 +0000"},"done":true},"minecraft:recipes/decorations/campfire":{"criteria":{"has_stick":"2024-11-23 04:57:15 +0000"},"done":true},"minecraft:recipes/misc/iron_nugget":{"criteria":{"has_iron_ingot":"2024-11-23 05:42:37 +0000"},"done":true},"minecraft:recipes/building_blocks/deepslate_tile_slab_from_cobbled_deepslate_stonecutting":{"criteria":{"has_cobbled_deepslate":"2024-11-23 05:37:17 +0000"},"done":true},"minecraft:recipes/combat/diamond_sword":{"criteria":{"has_diamond":"2024-11-23 05:39:18 +0000"},"done":true},"minecraft:recipes/decorations/jukebox":{"criteria":{"has_diamond":"2024-11-23 05:39:18 +0000"},"done":true},"minecraft:recipes/tools/wooden_hoe":{"criteria":{"has_stick":"2024-11-23 04:57:15 +0000"},"done":true},"minecraft:recipes/misc/bucket":{"criteria":{"has_iron_ingot":"2024-11-23 05:42:37 +0000"},"done":true},"minecraft:recipes/building_blocks/diorite_slab":{"criteria":{"has_diorite":"2024-11-23 05:35:51 +0000"},"done":true},"minecraft:recipes/decorations/granite_wall":{"criteria":{"has_granite":"2024-11-23 05:37:04 +0000"},"done":true},"minecraft:recipes/combat/iron_helmet":{"criteria":{"has_iron_ingot":"2024-11-23 05:42:37 +0000"},"done":true},"minecraft:recipes/redstone/oak_fence_gate":{"criteria":{"has_planks":"2024-11-23 05:02:55 +0000"},"done":true},"minecraft:recipes/decorations/diorite_wall_from_diorite_stonecutting":{"criteria":{"has_diorite":"2024-11-23 05:35:51 +0000"},"done":true},"minecraft:recipes/combat/diamond_chestplate":{"criteria":{"has_diamond":"2024-11-23 05:39:18 +0000"},"done":true},"minecraft:story/mine_stone":{"criteria":{"get_stone":"2024-11-23 04:35:11 +0000"},"done":true},"minecraft:recipes/decorations/furnace":{"criteria":{"has_cobblestone":"2024-11-23 04:35:11 +0000"},"done":true},"minecraft:recipes/transportation/minecart":{"criteria":{"has_iron_ingot":"2024-11-23 05:42:37 +0000"},"done":true},"minecraft:recipes/building_blocks/andesite_stairs":{"criteria":{"has_andesite":"2024-11-23 05:34:22 +0000"},"done":true},"minecraft:recipes/misc/charcoal":{"criteria":{"has_log":"2024-11-23 04:33:20 +0000"},"done":true},"minecraft:recipes/tools/iron_hoe":{"criteria":{"has_iron_ingot":"2024-11-23 05:42:37 +0000"},"done":true},"minecraft:recipes/tools/wooden_pickaxe":{"criteria":{"has_stick":"2024-11-23 04:57:15 +0000"},"done":true},"minecraft:recipes/building_blocks/cobbled_deepslate_stairs":{"criteria":{"has_cobbled_deepslate":"2024-11-23 05:37:17 +0000"},"done":true},"minecraft:recipes/redstone/redstone_torch":{"criteria":{"has_redstone":"2024-11-23 05:42:02 +0000"},"done":true},"minecraft:recipes/misc/gold_ingot_from_blasting_raw_gold":{"criteria":{"has_raw_gold":"2024-11-23 05:40:07 +0000"},"done":true},"minecraft:recipes/building_blocks/polished_granite_slab_from_granite_stonecutting":{"criteria":{"has_granite":"2024-11-23 05:37:04 +0000"},"done":true},"minecraft:recipes/building_blocks/polished_andesite_from_andesite_stonecutting":{"criteria":{"has_andesite":"2024-11-23 05:34:22 +0000"},"done":true},"minecraft:recipes/tools/iron_shovel":{"criteria":{"has_iron_ingot":"2024-11-23 05:42:37 +0000"},"done":true},"minecraft:recipes/tools/clock":{"criteria":{"has_redstone":"2024-11-23 05:42:02 +0000"},"done":true},"minecraft:recipes/redstone/birch_door":{"criteria":{"has_planks":"2024-11-23 04:33:24 +0000"},"done":true},"minecraft:story/upgrade_tools":{"criteria":{"stone_pickaxe":"2024-11-23 05:14:23 +0000"},"done":true},"minecraft:recipes/combat/diamond_helmet":{"criteria":{"has_diamond":"2024-11-23 05:39:18 +0000"},"done":true},"minecraft:recipes/decorations/birch_fence":{"criteria":{"has_planks":"2024-11-23 04:33:24 +0000"},"done":true},"minecraft:recipes/tools/wooden_axe":{"criteria":{"has_stick":"2024-11-23 04:57:15 +0000"},"done":true},"minecraft:recipes/building_blocks/granite_slab_from_granite_stonecutting":{"criteria":{"has_granite":"2024-11-23 05:37:04 +0000"},"done":true},"minecraft:recipes/building_blocks/andesite":{"criteria":{"has_stone":"2024-11-23 05:35:51 +0000"},"done":true},"minecraft:recipes/redstone/oak_pressure_plate":{"criteria":{"has_planks":"2024-11-23 05:02:55 +0000"},"done":true},"minecraft:recipes/redstone/dropper":{"criteria":{"has_redstone":"2024-11-23 05:42:02 +0000"},"done":true},"minecraft:recipes/building_blocks/polished_andesite":{"criteria":{"has_andesite":"2024-11-23 05:34:22 +0000"},"done":true},"minecraft:recipes/redstone/oak_door":{"criteria":{"has_planks":"2024-11-23 05:02:55 +0000"},"done":true},"minecraft:recipes/decorations/andesite_wall_from_andesite_stonecutting":{"criteria":{"has_andesite":"2024-11-23 05:34:22 +0000"},"done":true},"minecraft:recipes/building_blocks/polished_granite":{"criteria":{"has_granite":"2024-11-23 05:37:04 +0000"},"done":true},"minecraft:recipes/redstone/birch_trapdoor":{"criteria":{"has_planks":"2024-11-23 04:33:24 +0000"},"done":true},"minecraft:story/smelt_iron":{"criteria":{"iron":"2024-11-23 05:42:37 +0000"},"done":true},"minecraft:recipes/decorations/smoker":{"criteria":{"has_furnace":"2024-11-23 05:42:42 +0000"},"done":true},"minecraft:recipes/building_blocks/chiseled_deepslate_from_cobbled_deepslate_stonecutting":{"criteria":{"has_cobbled_deepslate":"2024-11-23 05:37:17 +0000"},"done":true},"minecraft:recipes/decorations/crafting_table":{"criteria":{"unlock_right_away":"2024-11-23 04:31:42 +0000"},"done":true},"minecraft:recipes/decorations/chest":{"criteria":{"has_lots_of_items":"2024-11-23 04:57:14 +0000"},"done":true},"minecraft:recipes/building_blocks/cobbled_deepslate_slab":{"criteria":{"has_cobbled_deepslate":"2024-11-23 05:37:17 +0000"},"done":true},"minecraft:recipes/tools/wooden_shovel":{"criteria":{"has_stick":"2024-11-23 04:57:15 +0000"},"done":true},"minecraft:recipes/tools/shears":{"criteria":{"has_iron_ingot":"2024-11-23 05:42:37 +0000"},"done":true},"minecraft:recipes/misc/stick":{"criteria":{"has_planks":"2024-11-23 04:33:24 +0000"},"done":true},"minecraft:recipes/building_blocks/cobblestone_slab":{"criteria":{"has_cobblestone":"2024-11-23 04:35:11 +0000"},"done":true},"minecraft:recipes/decorations/cobbled_deepslate_wall_from_cobbled_deepslate_stonecutting":{"criteria":{"has_cobbled_deepslate":"2024-11-23 05:37:17 +0000"},"done":true},"minecraft:recipes/brewing/cauldron":{"criteria":{"has_water_bucket":"2024-11-23 05:34:54 +0000"},"done":true},"minecraft:recipes/building_blocks/cobblestone_slab_from_cobblestone_stonecutting":{"criteria":{"has_cobblestone":"2024-11-23 04:35:11 +0000"},"done":true},"minecraft:recipes/building_blocks/oak_stairs":{"criteria":{"has_planks":"2024-11-23 05:02:55 +0000"},"done":true},"minecraft:recipes/building_blocks/polished_andesite_slab_from_andesite_stonecutting":{"criteria":{"has_andesite":"2024-11-23 05:34:22 +0000"},"done":true},"minecraft:recipes/transportation/acacia_boat":{"criteria":{"in_water":"2024-11-23 05:33:04 +0000"},"done":true},"minecraft:recipes/redstone/iron_trapdoor":{"criteria":{"has_iron_ingot":"2024-11-23 05:42:37 +0000"},"done":true},"minecraft:recipes/decorations/birch_sign":{"criteria":{"has_planks":"2024-11-23 04:33:24 +0000"},"done":true},"minecraft:recipes/transportation/cherry_boat":{"criteria":{"in_water":"2024-11-23 05:33:04 +0000"},"done":true},"minecraft:adventure/root":{"criteria":{"killed_something":"2024-11-23 04:48:40 +0000"},"done":true},"minecraft:recipes/tools/diamond_pickaxe":{"criteria":{"has_diamond":"2024-11-23 05:39:18 +0000"},"done":true},"minecraft:adventure/kill_all_mobs":{"criteria":{"minecraft:skeleton":"2024-11-23 04:48:40 +0000","minecraft:zombie":"2024-11-23 04:59:12 +0000"},"done":false},"minecraft:recipes/building_blocks/birch_wood":{"criteria":{"has_log":"2024-11-23 04:33:20 +0000"},"done":true},"minecraft:recipes/redstone/redstone_block":{"criteria":{"has_redstone":"2024-11-23 05:42:02 +0000"},"done":true},"minecraft:recipes/decorations/granite_wall_from_granite_stonecutting":{"criteria":{"has_granite":"2024-11-23 05:37:04 +0000"},"done":true},"minecraft:recipes/decorations/chain":{"criteria":{"has_iron_ingot":"2024-11-23 05:42:37 +0000"},"done":true},"minecraft:recipes/decorations/oak_fence":{"criteria":{"has_planks":"2024-11-23 05:02:55 +0000"},"done":true},"minecraft:recipes/decorations/deepslate_tile_wall_from_cobbled_deepslate_stonecutting":{"criteria":{"has_cobbled_deepslate":"2024-11-23 05:37:17 +0000"},"done":true},"minecraft:recipes/misc/iron_ingot_from_blasting_raw_iron":{"criteria":{"has_raw_iron":"2024-11-23 05:40:57 +0000"},"done":true},"minecraft:recipes/building_blocks/iron_block":{"criteria":{"has_iron_ingot":"2024-11-23 05:42:37 +0000"},"done":true},"minecraft:recipes/combat/wooden_sword":{"criteria":{"has_stick":"2024-11-23 04:57:15 +0000"},"done":true},"minecraft:recipes/building_blocks/oak_planks":{"criteria":{"has_logs":"2024-11-23 04:57:14 +0000"},"done":true},"minecraft:recipes/tools/iron_axe":{"criteria":{"has_iron_ingot":"2024-11-23 05:42:37 +0000"},"done":true},"minecraft:recipes/misc/bone_meal":{"criteria":{"has_bone":"2024-11-23 04:48:41 +0000"},"done":true},"minecraft:recipes/redstone/birch_fence_gate":{"criteria":{"has_planks":"2024-11-23 04:33:24 +0000"},"done":true},"minecraft:recipes/combat/crossbow":{"criteria":{"has_iron_ingot":"2024-11-23 05:42:37 +0000"},"done":true},"minecraft:recipes/decorations/cobbled_deepslate_wall":{"criteria":{"has_cobbled_deepslate":"2024-11-23 05:37:17 +0000"},"done":true},"minecraft:recipes/building_blocks/polished_diorite_from_diorite_stonecutting":{"criteria":{"has_diorite":"2024-11-23 05:35:51 +0000"},"done":true},"minecraft:recipes/misc/iron_nugget_from_blasting":{"criteria":{"has_iron_pickaxe":"2024-11-23 05:37:20 +0000"},"done":true},"minecraft:recipes/decorations/polished_deepslate_wall_from_cobbled_deepslate_stonecutting":{"criteria":{"has_cobbled_deepslate":"2024-11-23 05:37:17 +0000"},"done":true},"minecraft:adventure/kill_a_mob":{"criteria":{"minecraft:skeleton":"2024-11-23 04:48:40 +0000"},"done":true},"minecraft:recipes/decorations/diorite_wall":{"criteria":{"has_diorite":"2024-11-23 05:35:51 +0000"},"done":true},"minecraft:recipes/building_blocks/stone":{"criteria":{"has_cobblestone":"2024-11-23 04:35:11 +0000"},"done":true},"minecraft:recipes/building_blocks/deepslate_bricks_from_cobbled_deepslate_stonecutting":{"criteria":{"has_cobbled_deepslate":"2024-11-23 05:37:17 +0000"},"done":true},"minecraft:adventure/adventuring_time":{"criteria":{"minecraft:forest":"2024-11-23 04:31:43 +0000","minecraft:taiga":"2024-11-23 04:32:58 +0000","minecraft:river":"2024-11-23 05:38:58 +0000","minecraft:stony_shore":"2024-11-23 04:33:38 +0000"},"done":false},"minecraft:recipes/transportation/bamboo_raft":{"criteria":{"in_water":"2024-11-23 05:33:04 +0000"},"done":true},"minecraft:recipes/decorations/barrel":{"criteria":{"has_planks":"2024-11-23 04:33:24 +0000"},"done":true},"minecraft:recipes/decorations/smithing_table":{"criteria":{"has_iron_ingot":"2024-11-23 05:42:37 +0000"},"done":true},"minecraft:recipes/decorations/cobblestone_wall_from_cobblestone_stonecutting":{"criteria":{"has_cobblestone":"2024-11-23 04:35:11 +0000"},"done":true},"minecraft:recipes/building_blocks/diamond_block":{"criteria":{"has_diamond":"2024-11-23 05:39:18 +0000"},"done":true},"minecraft:recipes/decorations/andesite_wall":{"criteria":{"has_andesite":"2024-11-23 05:34:22 +0000"},"done":true},"minecraft:recipes/building_blocks/andesite_slab":{"criteria":{"has_andesite":"2024-11-23 05:34:22 +0000"},"done":true},"minecraft:recipes/building_blocks/cobblestone_stairs_from_cobblestone_stonecutting":{"criteria":{"has_cobblestone":"2024-11-23 04:35:11 +0000"},"done":true},"minecraft:recipes/building_blocks/polished_andesite_stairs_from_andesite_stonecutting":{"criteria":{"has_andesite":"2024-11-23 05:34:22 +0000"},"done":true},"minecraft:recipes/redstone/birch_pressure_plate":{"criteria":{"has_planks":"2024-11-23 04:33:24 +0000"},"done":true},"minecraft:recipes/building_blocks/diorite_slab_from_diorite_stonecutting":{"criteria":{"has_diorite":"2024-11-23 05:35:51 +0000"},"done":true},"minecraft:recipes/transportation/spruce_boat":{"criteria":{"in_water":"2024-11-23 05:33:04 +0000"},"done":true},"minecraft:recipes/building_blocks/polished_granite_from_granite_stonecutting":{"criteria":{"has_granite":"2024-11-23 05:37:04 +0000"},"done":true},"minecraft:husbandry/balanced_diet":{"criteria":{"apple":"2024-11-23 05:26:11 +0000","cooked_salmon":"2024-11-23 05:07:54 +0000"},"done":false},"minecraft:recipes/building_blocks/cobblestone_stairs":{"criteria":{"has_cobblestone":"2024-11-23 04:35:11 +0000"},"done":true},"minecraft:recipes/building_blocks/birch_slab":{"criteria":{"has_planks":"2024-11-23 04:33:24 +0000"},"done":true},"minecraft:recipes/redstone/note_block":{"criteria":{"has_redstone":"2024-11-23 05:42:02 +0000"},"done":true},"minecraft:recipes/building_blocks/deepslate_tiles_from_cobbled_deepslate_stonecutting":{"criteria":{"has_cobbled_deepslate":"2024-11-23 05:37:17 +0000"},"done":true},"minecraft:recipes/building_blocks/polished_diorite_slab_from_diorite_stonecutting":{"criteria":{"has_diorite":"2024-11-23 05:35:51 +0000"},"done":true},"minecraft:recipes/redstone/target":{"criteria":{"has_redstone":"2024-11-23 05:42:02 +0000"},"done":true},"minecraft:husbandry/root":{"criteria":{"consumed_item":"2024-11-23 05:07:54 +0000"},"done":true},"minecraft:recipes/transportation/birch_boat":{"criteria":{"in_water":"2024-11-23 05:33:04 +0000"},"done":true},"minecraft:recipes/building_blocks/cobbled_deepslate_stairs_from_cobbled_deepslate_stonecutting":{"criteria":{"has_cobbled_deepslate":"2024-11-23 05:37:17 +0000"},"done":true},"minecraft:recipes/tools/stone_hoe":{"criteria":{"has_cobblestone":"2024-11-23 04:35:11 +0000"},"done":true},"minecraft:recipes/tools/diamond_hoe":{"criteria":{"has_diamond":"2024-11-23 05:39:18 +0000"},"done":true},"minecraft:recipes/tools/diamond_shovel":{"criteria":{"has_diamond":"2024-11-23 05:39:18 +0000"},"done":true},"minecraft:recipes/building_blocks/deepslate":{"criteria":{"has_cobbled_deepslate":"2024-11-23 05:37:17 +0000"},"done":true},"minecraft:recipes/building_blocks/granite_slab":{"criteria":{"has_granite":"2024-11-23 05:37:04 +0000"},"done":true},"minecraft:story/mine_diamond":{"criteria":{"diamond":"2024-11-23 05:39:18 +0000"},"done":true},"minecraft:recipes/building_blocks/polished_granite_stairs_from_granite_stonecutting":{"criteria":{"has_granite":"2024-11-23 05:37:04 +0000"},"done":true},"minecraft:recipes/transportation/oak_boat":{"criteria":{"in_water":"2024-11-23 05:33:04 +0000"},"done":true},"minecraft:recipes/building_blocks/polished_diorite_stairs_from_diorite_stonecutting":{"criteria":{"has_diorite":"2024-11-23 05:35:51 +0000"},"done":true},"minecraft:recipes/tools/diamond_axe":{"criteria":{"has_diamond":"2024-11-23 05:39:18 +0000"},"done":true},"minecraft:recipes/building_blocks/andesite_slab_from_andesite_stonecutting":{"criteria":{"has_andesite":"2024-11-23 05:34:22 +0000"},"done":true},"minecraft:recipes/building_blocks/coal_block":{"criteria":{"has_coal":"2024-11-23 04:57:19 +0000"},"done":true},"minecraft:recipes/tools/stone_shovel":{"criteria":{"has_cobblestone":"2024-11-23 04:35:11 +0000"},"done":true},"minecraft:recipes/building_blocks/diorite_stairs":{"criteria":{"has_diorite":"2024-11-23 05:35:51 +0000"},"done":true},"minecraft:recipes/building_blocks/polished_deepslate_stairs_from_cobbled_deepslate_stonecutting":{"criteria":{"has_cobbled_deepslate":"2024-11-23 05:37:17 +0000"},"done":true},"minecraft:recipes/building_blocks/oak_wood":{"criteria":{"has_log":"2024-11-23 04:57:14 +0000"},"done":true},"minecraft:story/root":{"criteria":{"crafting_table":"2024-11-23 05:42:47 +0000"},"done":true},"minecraft:recipes/tools/compass":{"criteria":{"has_redstone":"2024-11-23 05:42:02 +0000"},"done":true},"minecraft:recipes/redstone/oak_button":{"criteria":{"has_planks":"2024-11-23 05:02:55 +0000"},"done":true},"minecraft:recipes/redstone/iron_door":{"criteria":{"has_iron_ingot":"2024-11-23 05:42:37 +0000"},"done":true},"minecraft:recipes/transportation/jungle_boat":{"criteria":{"in_water":"2024-11-23 05:33:04 +0000"},"done":true},"minecraft:recipes/building_blocks/birch_stairs":{"criteria":{"has_planks":"2024-11-23 04:33:24 +0000"},"done":true},"minecraft:recipes/redstone/heavy_weighted_pressure_plate":{"criteria":{"has_iron_ingot":"2024-11-23 05:42:37 +0000"},"done":true},"minecraft:recipes/transportation/dark_oak_boat":{"criteria":{"in_water":"2024-11-23 05:33:04 +0000"},"done":true},"minecraft:recipes/redstone/piston":{"criteria":{"has_redstone":"2024-11-23 05:42:02 +0000"},"done":true},"minecraft:recipes/combat/diamond_boots":{"criteria":{"has_diamond":"2024-11-23 05:39:18 +0000"},"done":true},"DataVersion":3955}